{
  "train_total": [
    0.13574268646312482,
    0.05920311494758635,
    0.04371914728121324,
    0.039911582456393674,
    0.0385549562672774,
    0.03739679584448988,
    0.03331471561934009,
    0.028554511736288216,
    0.026280939759630147,
    0.025231351308298833
  ],
  "train_recon": [
    0.1127866538410837,
    0.04157939250722076,
    0.03255851968671336,
    0.02962929206815633,
    0.028330844098871405,
    0.027307459237900646,
    0.02480790230135123,
    0.02208457679459543,
    0.020741340777639186,
    0.020088243823159824
  ],
  "train_commit": [
    0.022956032593819228,
    0.017623722237167936,
    0.011160627690454323,
    0.010282290371304209,
    0.010224112174050375,
    0.010089336826720021,
    0.008506813504253374,
    0.0064699350235362845,
    0.005539598998924097,
    0.0051431075105387155
  ],
  "train_perplex": [
    7.502462800343832,
    9.987915952277906,
    12.3619835246693,
    13.101968823057232,
    13.430822401335746,
    13.796672104344223,
    16.41455986138546,
    22.711670314904417,
    26.217520314996893,
    28.46899388631185
  ],
  "val_total": [
    0.07110192679183584,
    0.05141302402800237,
    0.04115043701210492,
    0.0398452661826577,
    0.03814613058323592,
    0.03746819312513714,
    0.030618938866635442,
    0.02710426554188762,
    0.02561103589308094,
    0.024763120049741905
  ],
  "val_recon": [
    0.048648835435299805,
    0.03878185090044854,
    0.03079958354503336,
    0.029123984041138435,
    0.028111610220561564,
    0.027723653714211895,
    0.02344603251508424,
    0.02126057661125358,
    0.020283427246859376,
    0.019758144970720922
  ],
  "val_commit": [
    0.02245309156641154,
    0.012631173258726026,
    0.010350853493305999,
    0.010721282036581509,
    0.010034520349557131,
    0.009744539476511344,
    0.007172906299082326,
    0.005843688943751262,
    0.0053276086003112965,
    0.0050049750199934965
  ],
  "val_perplex": [
    8.792544297769036,
    11.615455049864003,
    12.956592412062093,
    13.357995745161888,
    13.672305550373776,
    13.983248401695574,
    19.984135587450485,
    25.049588189998143,
    27.47814353083221,
    29.463656734412826
  ]
}