{
  "train_total": [
    0.23299164166956238,
    4.543910286101428,
    0.2928755866758751,
    0.28478636850010264
  ],
  "train_recon": [
    0.23299164166956238,
    0.2838353129047336,
    0.2749089087500717,
    0.2741199412129142
  ],
  "train_kl": [
    1207.7604470556432,
    12.780224431960871,
    0.026950016301689726,
    0.010666426578818848
  ],
  "val_total": [
    0.11300686316590913,
    0.29458387804702973,
    0.28278457656712597,
    0.2795574790994886
  ],
  "val_recon": [
    0.11300686316590913,
    0.27600134300514007,
    0.2735747527068769,
    0.2737173165234042
  ],
  "val_kl": [
    814.4697102291483,
    0.055747608798490444,
    0.013814735068926508,
    0.00584016268758077
  ],
  "beta": [
    0.0,
    0.3333333333333333,
    0.6666666666666666,
    1.0
  ]
}