{
  "train_total": [
    0.10466795805277246,
    0.036633121086792515,
    0.02862236715401664,
    0.025739881565625018,
    0.023985831981355493,
    0.022646656451803266,
    0.021983436607953273,
    0.021260516435811012,
    0.02057387438235861,
    0.02015358844038212,
    0.01970138797028498,
    0.019486868234746383,
    0.019113388206019547,
    0.01878599828165589,
    0.018511867658658462
  ],
  "train_recon": [
    0.09376659086256316,
    0.03006865514272993,
    0.023949854956431822,
    0.0213983967674501,
    0.0199659103019671,
    0.01877921392971819,
    0.018182038301319786,
    0.01753741092979908,
    0.016945949693520864,
    0.016600409183989872,
    0.016153956605403714,
    0.015946208866256657,
    0.015609717724675481,
    0.015340544255168148,
    0.015121881748464974
  ],
  "train_commit": [
    0.01090136720996463,
    0.00656446579448653,
    0.004672512194762627,
    0.004341484772775209,
    0.0040199216285889796,
    0.003867442544662591,
    0.0038013984576206316,
    0.0037231054650901847,
    0.003627924735403874,
    0.00355317927473648,
    0.003547431388869882,
    0.0035406593120459354,
    0.003503670489810633,
    0.003445454112564524,
    0.0033899858791494007
  ],
  "train_perplex": [
    17.68115656303637,
    29.738468066128817,
    39.15086239901456,
    43.758249548709756,
    47.778339917732005,
    49.84957150545987,
    52.32045512343898,
    54.90349578857422,
    57.481875934022845,
    60.37098918105617,
    62.248992156982425,
    63.43033951268052,
    64.8866422248609,
    66.39523854111181,
    67.9810721657493
  ],
  "val_total": [
    0.047139034357289195,
    0.031744675238577415,
    0.02784376392062281,
    0.025379685029177597,
    0.02316030747139118,
    0.022684900536083838,
    0.023085621198717977,
    0.021004745815421492,
    0.02063032053411007,
    0.019961630636957328,
    0.01967335589439936,
    0.019559557667710413,
    0.019821428680713748,
    0.019687050953507423,
    0.019674681074602504
  ],
  "val_recon": [
    0.03805478740955742,
    0.02668491024261629,
    0.023414604942983305,
    0.02124252752728865,
    0.019230893117861008,
    0.018859323717548813,
    0.01932026899721421,
    0.017355904927555944,
    0.016905077824919994,
    0.016423755810714105,
    0.016198468158467556,
    0.016129671635342315,
    0.01625962104176132,
    0.01633480065305468,
    0.01602030129657245
  ],
  "val_commit": [
    0.009084247065786744,
    0.005059764943492245,
    0.004429159003873946,
    0.004137157455978679,
    0.00392941429122338,
    0.003825576769345453,
    0.0037653521687107186,
    0.0036488408517931967,
    0.003725242712469378,
    0.0035378748360811404,
    0.0034748877228145867,
    0.0034298860192508765,
    0.003561807615997296,
    0.0033522503660388396,
    0.00365437983705754
  ],
  "val_perplex": [
    23.370021443971446,
    36.16722869873047,
    41.123956116152485,
    46.67760268735214,
    49.20504825215944,
    50.684430780545085,
    53.127004381636496,
    56.37225046292157,
    58.57431992006973,
    61.35543871597505,
    62.55607116054481,
    64.62316513061523,
    65.01331769916374,
    67.39520242180623,
    66.23844114491638
  ]
}