{
  "train_loss": [
    0.022391413727944547,
    0.0036565958860922945,
    0.0027825276127480198,
    0.0021553335669027133,
    0.0015882778037903888,
    0.0012368824205953967,
    0.0010013425172391262,
    0.0008757556813317492,
    0.0008205101274969903,
    0.0008018016405968052
  ],
  "val_relL2": [
    0.02708128278314228,
    0.016178116097416675,
    0.011993507985812677,
    0.01120032690150637,
    0.008838179075277187,
    0.006500277058286986,
    0.00609585852690146,
    0.005138381909001881,
    0.00494196119678902,
    0.004887652209579525
  ]
}